sentence-transformers/all-MiniLM-L6-v2	https://huggingface.co/sentence-transformers/all-MiniLM-L6-v2/raw/main/config.json	200	2026-08-08T09:45:45.451518+00:00
cross-encoder/ms-marco-MiniLM-L6-v2	https://huggingface.co/cross-encoder/ms-marco-MiniLM-L6-v2/raw/main/config.json	200	2026-08-08T09:45:45.659615+00:00
BAAI/bge-small-en-v1.5	https://huggingface.co/BAAI/bge-small-en-v1.5/raw/main/config.json	200	2026-08-08T09:45:45.872488+00:00
sentence-transformers/paraphrase-multilingual-MiniLM-L12-v2	https://huggingface.co/sentence-transformers/paraphrase-multilingual-MiniLM-L12-v2/raw/main/config.json	200	2026-08-08T09:45:46.246182+00:00
BAAI/bge-m3	https://huggingface.co/BAAI/bge-m3/raw/main/config.json	200	2026-08-08T09:45:46.472396+00:00
sentence-transformers/all-mpnet-base-v2	https://huggingface.co/sentence-transformers/all-mpnet-base-v2/raw/main/config.json	200	2026-08-08T09:45:46.682531+00:00
nomic-ai/nomic-embed-text-v1.5	https://huggingface.co/nomic-ai/nomic-embed-text-v1.5/raw/main/config.json	200	2026-08-08T09:45:46.897924+00:00
BAAI/bge-large-en-v1.5	https://huggingface.co/BAAI/bge-large-en-v1.5/raw/main/config.json	200	2026-08-08T09:45:47.115733+00:00
sentence-transformers/paraphrase-multilingual-mpnet-base-v2	https://huggingface.co/sentence-transformers/paraphrase-multilingual-mpnet-base-v2/raw/main/config.json	200	2026-08-08T09:45:47.320908+00:00
BAAI/bge-base-en-v1.5	https://huggingface.co/BAAI/bge-base-en-v1.5/raw/main/config.json	200	2026-08-08T09:45:47.529248+00:00
cross-encoder/ms-marco-MiniLM-L4-v2	https://huggingface.co/cross-encoder/ms-marco-MiniLM-L4-v2/raw/main/config.json	200	2026-08-08T09:45:47.733748+00:00
intfloat/multilingual-e5-large	https://huggingface.co/intfloat/multilingual-e5-large/raw/main/config.json	200	2026-08-08T09:45:47.939070+00:00
nomic-ai/nomic-embed-text-v1	https://huggingface.co/nomic-ai/nomic-embed-text-v1/raw/main/config.json	200	2026-08-08T09:45:48.142883+00:00
mixedbread-ai/mxbai-embed-large-v1	https://huggingface.co/mixedbread-ai/mxbai-embed-large-v1/raw/main/config.json	200	2026-08-08T09:45:48.360120+00:00
BAAI/bge-reranker-base	https://huggingface.co/BAAI/bge-reranker-base/raw/main/config.json	200	2026-08-08T09:45:48.626052+00:00
distilbert/distilbert-base-uncased-finetuned-sst-2-english	https://huggingface.co/distilbert/distilbert-base-uncased-finetuned-sst-2-english/raw/main/config.json	200	2026-08-08T09:45:48.930193+00:00
sentence-transformers/all-MiniLM-L12-v2	https://huggingface.co/sentence-transformers/all-MiniLM-L12-v2/raw/main/config.json	200	2026-08-08T09:45:49.145007+00:00
sentence-transformers/paraphrase-MiniLM-L6-v2	https://huggingface.co/sentence-transformers/paraphrase-MiniLM-L6-v2/raw/main/config.json	200	2026-08-08T09:45:49.358248+00:00
Xenova/all-MiniLM-L6-v2	https://huggingface.co/Xenova/all-MiniLM-L6-v2/raw/main/config.json	200	2026-08-08T09:45:49.569502+00:00
sentence-transformers/paraphrase-MiniLM-L3-v2	https://huggingface.co/sentence-transformers/paraphrase-MiniLM-L3-v2/raw/main/config.json	200	2026-08-08T09:45:49.983416+00:00
cross-encoder/ms-marco-MiniLM-L12-v2	https://huggingface.co/cross-encoder/ms-marco-MiniLM-L12-v2/raw/main/config.json	200	2026-08-08T09:45:50.197564+00:00
BAAI/bge-reranker-large	https://huggingface.co/BAAI/bge-reranker-large/raw/main/config.json	200	2026-08-08T09:45:50.412513+00:00
Alibaba-NLP/gte-reranker-modernbert-base	https://huggingface.co/Alibaba-NLP/gte-reranker-modernbert-base/raw/main/config.json	200	2026-08-08T09:45:50.637233+00:00
cross-encoder/mmarco-mMiniLMv2-L12-H384-v1	https://huggingface.co/cross-encoder/mmarco-mMiniLMv2-L12-H384-v1/raw/main/config.json	200	2026-08-08T09:45:50.847675+00:00
sentence-transformers/all-distilroberta-v1	https://huggingface.co/sentence-transformers/all-distilroberta-v1/raw/main/config.json	200	2026-08-08T09:45:51.052246+00:00
Xenova/bge-base-en-v1.5	https://huggingface.co/Xenova/bge-base-en-v1.5/raw/main/config.json	200	2026-08-08T09:45:51.271518+00:00
intfloat/multilingual-e5-large-instruct	https://huggingface.co/intfloat/multilingual-e5-large-instruct/raw/main/config.json	200	2026-08-08T09:45:51.478463+00:00
michaelfeil/bge-small-en-v1.5	https://huggingface.co/michaelfeil/bge-small-en-v1.5/raw/main/config.json	200	2026-08-08T09:45:51.696863+00:00
sentence-transformers/paraphrase-mpnet-base-v2	https://huggingface.co/sentence-transformers/paraphrase-mpnet-base-v2/raw/main/config.json	200	2026-08-08T09:45:51.910277+00:00
Alibaba-NLP/gte-large-en-v1.5	https://huggingface.co/Alibaba-NLP/gte-large-en-v1.5/raw/main/config.json	200	2026-08-08T09:45:52.117736+00:00
cross-encoder/ms-marco-MiniLM-L2-v2	https://huggingface.co/cross-encoder/ms-marco-MiniLM-L2-v2/raw/main/config.json	200	2026-08-08T09:45:52.341037+00:00
sentence-transformers/all-roberta-large-v1	https://huggingface.co/sentence-transformers/all-roberta-large-v1/raw/main/config.json	200	2026-08-08T09:45:52.557685+00:00
Qdrant/all-MiniLM-L6-v2-onnx	https://huggingface.co/Qdrant/all-MiniLM-L6-v2-onnx/raw/main/config.json	200	2026-08-08T09:45:52.770637+00:00
WhereIsAI/UAE-Large-V1	https://huggingface.co/WhereIsAI/UAE-Large-V1/raw/main/config.json	200	2026-08-08T09:45:52.998179+00:00
TaylorAI/bge-micro-v2	https://huggingface.co/TaylorAI/bge-micro-v2/raw/main/config.json	200	2026-08-08T09:45:53.217464+00:00
jinaai/jina-embeddings-v2-small-en	https://huggingface.co/jinaai/jina-embeddings-v2-small-en/raw/main/config.json	200	2026-08-08T09:45:53.422229+00:00
sentence-transformers/distiluse-base-multilingual-cased-v1	https://huggingface.co/sentence-transformers/distiluse-base-multilingual-cased-v1/raw/main/config.json	200	2026-08-08T09:45:53.629899+00:00
sentence-transformers/distiluse-base-multilingual-cased-v2	https://huggingface.co/sentence-transformers/distiluse-base-multilingual-cased-v2/raw/main/config.json	200	2026-08-08T09:45:53.848967+00:00
lxyuan/distilbert-base-multilingual-cased-sentiments-student	https://huggingface.co/lxyuan/distilbert-base-multilingual-cased-sentiments-student/raw/main/config.json	200	2026-08-08T09:45:54.170412+00:00
openbmb/MiniCPM-o-4_5	https://huggingface.co/openbmb/MiniCPM-o-4_5/raw/main/config.json	200	2026-08-08T09:45:54.381290+00:00
MoritzLaurer/mDeBERTa-v3-base-xnli-multilingual-nli-2mil7	https://huggingface.co/MoritzLaurer/mDeBERTa-v3-base-xnli-multilingual-nli-2mil7/raw/main/config.json	200	2026-08-08T09:45:54.601181+00:00
cross-encoder/nli-deberta-v3-small	https://huggingface.co/cross-encoder/nli-deberta-v3-small/raw/main/config.json	200	2026-08-08T09:45:54.816327+00:00
MoritzLaurer/mDeBERTa-v3-base-mnli-xnli	https://huggingface.co/MoritzLaurer/mDeBERTa-v3-base-mnli-xnli/raw/main/config.json	200	2026-08-08T09:45:55.031377+00:00
cross-encoder/nli-deberta-v3-base	https://huggingface.co/cross-encoder/nli-deberta-v3-base/raw/main/config.json	200	2026-08-08T09:45:55.243338+00:00
cross-encoder/nli-MiniLM2-L6-H768	https://huggingface.co/cross-encoder/nli-MiniLM2-L6-H768/raw/main/config.json	200	2026-08-08T09:45:55.449804+00:00
MoritzLaurer/DeBERTa-v3-large-mnli-fever-anli-ling-wanli	https://huggingface.co/MoritzLaurer/DeBERTa-v3-large-mnli-fever-anli-ling-wanli/raw/main/config.json	200	2026-08-08T09:45:55.690402+00:00
cross-encoder/nli-deberta-v3-xsmall	https://huggingface.co/cross-encoder/nli-deberta-v3-xsmall/raw/main/config.json	200	2026-08-08T09:45:55.898329+00:00
MoritzLaurer/deberta-v3-large-zeroshot-v2.0	https://huggingface.co/MoritzLaurer/deberta-v3-large-zeroshot-v2.0/raw/main/config.json	200	2026-08-08T09:45:56.121078+00:00
MoritzLaurer/bge-m3-zeroshot-v2.0	https://huggingface.co/MoritzLaurer/bge-m3-zeroshot-v2.0/raw/main/config.json	200	2026-08-08T09:45:56.330797+00:00
MoritzLaurer/deberta-v3-base-zeroshot-v2.0	https://huggingface.co/MoritzLaurer/deberta-v3-base-zeroshot-v2.0/raw/main/config.json	200	2026-08-08T09:45:56.571974+00:00
cross-encoder/nli-deberta-v3-large	https://huggingface.co/cross-encoder/nli-deberta-v3-large/raw/main/config.json	200	2026-08-08T09:45:56.784906+00:00
MoritzLaurer/deberta-v3-xsmall-zeroshot-v1.1-all-33	https://huggingface.co/MoritzLaurer/deberta-v3-xsmall-zeroshot-v1.1-all-33/raw/main/config.json	200	2026-08-08T09:45:56.992756+00:00
Xenova/bart-large-mnli	https://huggingface.co/Xenova/bart-large-mnli/raw/main/config.json	200	2026-08-08T09:45:57.370650+00:00
knowledgator/gliclass-large-v1.0	https://huggingface.co/knowledgator/gliclass-large-v1.0/raw/main/config.json	200	2026-08-08T09:45:57.585067+00:00
