https://huggingface.co/api/models/minishlab/potion-base-8M/tree/main?recursive=true	200	1502	2026-08-08T09:49:36.011095+00:00
https://huggingface.co/minishlab/potion-base-8M/raw/main/config.json	200	202	2026-08-08T09:49:36.225594+00:00
https://huggingface.co/minishlab/potion-base-8M/raw/main/README.md	200	5203	2026-08-08T09:49:36.447219+00:00
https://huggingface.co/minishlab/potion-base-8M/raw/main/LICENSE	404	15	2026-08-08T09:49:36.658618+00:00
https://huggingface.co/minishlab/potion-base-8M/raw/main/LICENSE.txt	404	15	2026-08-08T09:49:36.875535+00:00
https://huggingface.co/minishlab/potion-base-8M/raw/main/LICENSE.md	404	15	2026-08-08T09:49:37.092585+00:00
https://huggingface.co/minishlab/potion-base-8M/raw/main/NOTICE	404	15	2026-08-08T09:49:37.329580+00:00
https://huggingface.co/api/models/minishlab/potion-base-32M/tree/main?recursive=true	200	1507	2026-08-08T09:49:37.593686+00:00
https://huggingface.co/minishlab/potion-base-32M/raw/main/config.json	200	202	2026-08-08T09:49:37.806583+00:00
https://huggingface.co/minishlab/potion-base-32M/raw/main/README.md	200	5324	2026-08-08T09:49:38.023592+00:00
https://huggingface.co/minishlab/potion-base-32M/raw/main/LICENSE	404	15	2026-08-08T09:49:38.238302+00:00
https://huggingface.co/minishlab/potion-base-32M/raw/main/LICENSE.txt	404	15	2026-08-08T09:49:38.462206+00:00
https://huggingface.co/minishlab/potion-base-32M/raw/main/LICENSE.md	404	15	2026-08-08T09:49:38.985200+00:00
https://huggingface.co/minishlab/potion-base-32M/raw/main/NOTICE	404	15	2026-08-08T09:49:39.205571+00:00
https://huggingface.co/api/models/minishlab/potion-base-2M/tree/main?recursive=true	200	1498	2026-08-08T09:49:39.432066+00:00
https://huggingface.co/minishlab/potion-base-2M/raw/main/config.json	200	200	2026-08-08T09:49:39.646482+00:00
https://huggingface.co/minishlab/potion-base-2M/raw/main/README.md	200	5202	2026-08-08T09:49:39.866206+00:00
https://huggingface.co/minishlab/potion-base-2M/raw/main/LICENSE	404	15	2026-08-08T09:49:40.120803+00:00
https://huggingface.co/minishlab/potion-base-2M/raw/main/LICENSE.txt	404	15	2026-08-08T09:49:40.340670+00:00
https://huggingface.co/minishlab/potion-base-2M/raw/main/LICENSE.md	404	15	2026-08-08T09:49:40.551092+00:00
https://huggingface.co/minishlab/potion-base-2M/raw/main/NOTICE	404	15	2026-08-08T09:49:41.034428+00:00
https://huggingface.co/api/models/minishlab/M2V_base_output/tree/main?recursive=true	200	3209	2026-08-08T09:49:41.271868+00:00
https://huggingface.co/minishlab/M2V_base_output/raw/main/config.json	200	238	2026-08-08T09:49:41.502247+00:00
https://huggingface.co/minishlab/M2V_base_output/raw/main/README.md	200	4899	2026-08-08T09:49:41.722431+00:00
https://huggingface.co/minishlab/M2V_base_output/raw/main/LICENSE	404	15	2026-08-08T09:49:42.160119+00:00
https://huggingface.co/minishlab/M2V_base_output/raw/main/LICENSE.txt	404	15	2026-08-08T09:49:42.373880+00:00
https://huggingface.co/minishlab/M2V_base_output/raw/main/LICENSE.md	404	15	2026-08-08T09:49:42.591689+00:00
https://huggingface.co/minishlab/M2V_base_output/raw/main/NOTICE	404	15	2026-08-08T09:49:42.813691+00:00
https://huggingface.co/api/models/WebOrganizer/TopicClassifier/tree/main?recursive=true	200	1218	2026-08-08T09:49:43.038419+00:00
https://huggingface.co/WebOrganizer/TopicClassifier/raw/main/config.json	200	2678	2026-08-08T09:49:43.264153+00:00
https://huggingface.co/WebOrganizer/TopicClassifier/raw/main/README.md	200	3802	2026-08-08T09:49:43.483383+00:00
https://huggingface.co/WebOrganizer/TopicClassifier/raw/main/LICENSE	404	15	2026-08-08T09:49:43.736791+00:00
https://huggingface.co/WebOrganizer/TopicClassifier/raw/main/LICENSE.txt	404	15	2026-08-08T09:49:43.972540+00:00
https://huggingface.co/WebOrganizer/TopicClassifier/raw/main/LICENSE.md	404	15	2026-08-08T09:49:44.185033+00:00
https://huggingface.co/WebOrganizer/TopicClassifier/raw/main/NOTICE	404	15	2026-08-08T09:49:44.396304+00:00
https://huggingface.co/api/models/WebOrganizer/TopicClassifier-NoURL/tree/main?recursive=true	200	1218	2026-08-08T09:49:44.636110+00:00
https://huggingface.co/WebOrganizer/TopicClassifier-NoURL/raw/main/config.json	200	2678	2026-08-08T09:49:44.861993+00:00
https://huggingface.co/WebOrganizer/TopicClassifier-NoURL/raw/main/README.md	200	3819	2026-08-08T09:49:45.083957+00:00
https://huggingface.co/WebOrganizer/TopicClassifier-NoURL/raw/main/LICENSE	404	15	2026-08-08T09:49:45.314084+00:00
https://huggingface.co/WebOrganizer/TopicClassifier-NoURL/raw/main/LICENSE.txt	404	15	2026-08-08T09:49:45.530727+00:00
https://huggingface.co/WebOrganizer/TopicClassifier-NoURL/raw/main/LICENSE.md	404	15	2026-08-08T09:49:45.745738+00:00
https://huggingface.co/WebOrganizer/TopicClassifier-NoURL/raw/main/NOTICE	404	15	2026-08-08T09:49:45.959395+00:00
https://huggingface.co/api/models/WebOrganizer/FormatClassifier/tree/main?recursive=true	200	1218	2026-08-08T09:49:46.189001+00:00
https://huggingface.co/WebOrganizer/FormatClassifier/raw/main/config.json	200	2753	2026-08-08T09:49:46.417145+00:00
https://huggingface.co/WebOrganizer/FormatClassifier/raw/main/README.md	200	3873	2026-08-08T09:49:46.637499+00:00
https://huggingface.co/WebOrganizer/FormatClassifier/raw/main/LICENSE	404	15	2026-08-08T09:49:46.873152+00:00
https://huggingface.co/WebOrganizer/FormatClassifier/raw/main/LICENSE.txt	404	15	2026-08-08T09:49:47.094516+00:00
https://huggingface.co/WebOrganizer/FormatClassifier/raw/main/LICENSE.md	404	15	2026-08-08T09:49:47.314371+00:00
https://huggingface.co/WebOrganizer/FormatClassifier/raw/main/NOTICE	404	15	2026-08-08T09:49:47.531025+00:00
https://huggingface.co/api/models/BAAI/bge-small-en-v1.5/tree/main?recursive=true	200	2242	2026-08-08T09:49:47.747814+00:00
https://huggingface.co/BAAI/bge-small-en-v1.5/raw/main/config.json	200	743	2026-08-08T09:49:47.968298+00:00
https://huggingface.co/BAAI/bge-small-en-v1.5/raw/main/README.md	200	94783	2026-08-08T09:49:48.232201+00:00
https://huggingface.co/BAAI/bge-small-en-v1.5/raw/main/LICENSE	404	15	2026-08-08T09:49:48.454119+00:00
https://huggingface.co/BAAI/bge-small-en-v1.5/raw/main/LICENSE.txt	404	15	2026-08-08T09:49:48.666649+00:00
https://huggingface.co/BAAI/bge-small-en-v1.5/raw/main/LICENSE.md	404	15	2026-08-08T09:49:48.882956+00:00
https://huggingface.co/BAAI/bge-small-en-v1.5/raw/main/NOTICE	404	15	2026-08-08T09:49:49.098191+00:00
