sentence-transformers/all-MiniLM-L6-v2	https://huggingface.co/sentence-transformers/all-MiniLM-L6-v2/raw/main/README.md	200	2026-08-08T09:42:56.903945+00:00
sentence-transformers/all-MiniLM-L6-v2	https://huggingface.co/sentence-transformers/all-MiniLM-L6-v2/raw/main/LICENSE	404	2026-08-08T09:42:57.239628+00:00
sentence-transformers/all-MiniLM-L6-v2	https://huggingface.co/sentence-transformers/all-MiniLM-L6-v2/raw/main/LICENSE.txt	404	2026-08-08T09:42:57.804985+00:00
sentence-transformers/all-MiniLM-L6-v2	https://huggingface.co/sentence-transformers/all-MiniLM-L6-v2/raw/main/LICENSE.md	404	2026-08-08T09:42:58.506356+00:00
cross-encoder/ms-marco-MiniLM-L6-v2	https://huggingface.co/cross-encoder/ms-marco-MiniLM-L6-v2/raw/main/README.md	200	2026-08-08T09:42:58.778665+00:00
cross-encoder/ms-marco-MiniLM-L6-v2	https://huggingface.co/cross-encoder/ms-marco-MiniLM-L6-v2/raw/main/LICENSE	404	2026-08-08T09:42:59.138026+00:00
cross-encoder/ms-marco-MiniLM-L6-v2	https://huggingface.co/cross-encoder/ms-marco-MiniLM-L6-v2/raw/main/LICENSE.txt	404	2026-08-08T09:42:59.418027+00:00
cross-encoder/ms-marco-MiniLM-L6-v2	https://huggingface.co/cross-encoder/ms-marco-MiniLM-L6-v2/raw/main/LICENSE.md	404	2026-08-08T09:42:59.769170+00:00
BAAI/bge-small-en-v1.5	https://huggingface.co/BAAI/bge-small-en-v1.5/raw/main/README.md	200	2026-08-08T09:43:00.124590+00:00
BAAI/bge-small-en-v1.5	https://huggingface.co/BAAI/bge-small-en-v1.5/raw/main/LICENSE	404	2026-08-08T09:43:00.404044+00:00
BAAI/bge-small-en-v1.5	https://huggingface.co/BAAI/bge-small-en-v1.5/raw/main/LICENSE.txt	404	2026-08-08T09:43:00.720469+00:00
BAAI/bge-small-en-v1.5	https://huggingface.co/BAAI/bge-small-en-v1.5/raw/main/LICENSE.md	404	2026-08-08T09:43:01.095516+00:00
sentence-transformers/paraphrase-multilingual-MiniLM-L12-v2	https://huggingface.co/sentence-transformers/paraphrase-multilingual-MiniLM-L12-v2/raw/main/README.md	200	2026-08-08T09:43:01.368405+00:00
sentence-transformers/paraphrase-multilingual-MiniLM-L12-v2	https://huggingface.co/sentence-transformers/paraphrase-multilingual-MiniLM-L12-v2/raw/main/LICENSE	404	2026-08-08T09:43:01.768757+00:00
sentence-transformers/paraphrase-multilingual-MiniLM-L12-v2	https://huggingface.co/sentence-transformers/paraphrase-multilingual-MiniLM-L12-v2/raw/main/LICENSE.txt	404	2026-08-08T09:43:02.037552+00:00
sentence-transformers/paraphrase-multilingual-MiniLM-L12-v2	https://huggingface.co/sentence-transformers/paraphrase-multilingual-MiniLM-L12-v2/raw/main/LICENSE.md	404	2026-08-08T09:43:02.397410+00:00
BAAI/bge-m3	https://huggingface.co/BAAI/bge-m3/raw/main/README.md	200	2026-08-08T09:43:02.678959+00:00
BAAI/bge-m3	https://huggingface.co/BAAI/bge-m3/raw/main/LICENSE	404	2026-08-08T09:43:02.955766+00:00
BAAI/bge-m3	https://huggingface.co/BAAI/bge-m3/raw/main/LICENSE.txt	404	2026-08-08T09:43:03.229062+00:00
BAAI/bge-m3	https://huggingface.co/BAAI/bge-m3/raw/main/LICENSE.md	404	2026-08-08T09:43:03.499189+00:00
sentence-transformers/all-mpnet-base-v2	https://huggingface.co/sentence-transformers/all-mpnet-base-v2/raw/main/README.md	200	2026-08-08T09:43:03.770048+00:00
sentence-transformers/all-mpnet-base-v2	https://huggingface.co/sentence-transformers/all-mpnet-base-v2/raw/main/LICENSE	404	2026-08-08T09:43:04.050757+00:00
sentence-transformers/all-mpnet-base-v2	https://huggingface.co/sentence-transformers/all-mpnet-base-v2/raw/main/LICENSE.txt	404	2026-08-08T09:43:04.327564+00:00
sentence-transformers/all-mpnet-base-v2	https://huggingface.co/sentence-transformers/all-mpnet-base-v2/raw/main/LICENSE.md	404	2026-08-08T09:43:04.603609+00:00
nomic-ai/nomic-embed-text-v1.5	https://huggingface.co/nomic-ai/nomic-embed-text-v1.5/raw/main/README.md	200	2026-08-08T09:43:04.941569+00:00
nomic-ai/nomic-embed-text-v1.5	https://huggingface.co/nomic-ai/nomic-embed-text-v1.5/raw/main/LICENSE	404	2026-08-08T09:43:05.216062+00:00
nomic-ai/nomic-embed-text-v1.5	https://huggingface.co/nomic-ai/nomic-embed-text-v1.5/raw/main/LICENSE.txt	404	2026-08-08T09:43:05.506814+00:00
nomic-ai/nomic-embed-text-v1.5	https://huggingface.co/nomic-ai/nomic-embed-text-v1.5/raw/main/LICENSE.md	404	2026-08-08T09:43:05.811751+00:00
BAAI/bge-large-en-v1.5	https://huggingface.co/BAAI/bge-large-en-v1.5/raw/main/README.md	200	2026-08-08T09:43:06.148253+00:00
BAAI/bge-large-en-v1.5	https://huggingface.co/BAAI/bge-large-en-v1.5/raw/main/LICENSE	404	2026-08-08T09:43:06.486009+00:00
BAAI/bge-large-en-v1.5	https://huggingface.co/BAAI/bge-large-en-v1.5/raw/main/LICENSE.txt	404	2026-08-08T09:43:06.768981+00:00
BAAI/bge-large-en-v1.5	https://huggingface.co/BAAI/bge-large-en-v1.5/raw/main/LICENSE.md	404	2026-08-08T09:43:07.109224+00:00
sentence-transformers/paraphrase-multilingual-mpnet-base-v2	https://huggingface.co/sentence-transformers/paraphrase-multilingual-mpnet-base-v2/raw/main/README.md	200	2026-08-08T09:43:07.385981+00:00
sentence-transformers/paraphrase-multilingual-mpnet-base-v2	https://huggingface.co/sentence-transformers/paraphrase-multilingual-mpnet-base-v2/raw/main/LICENSE	404	2026-08-08T09:43:07.650321+00:00
sentence-transformers/paraphrase-multilingual-mpnet-base-v2	https://huggingface.co/sentence-transformers/paraphrase-multilingual-mpnet-base-v2/raw/main/LICENSE.txt	404	2026-08-08T09:43:07.966418+00:00
sentence-transformers/paraphrase-multilingual-mpnet-base-v2	https://huggingface.co/sentence-transformers/paraphrase-multilingual-mpnet-base-v2/raw/main/LICENSE.md	404	2026-08-08T09:43:08.225456+00:00
BAAI/bge-base-en-v1.5	https://huggingface.co/BAAI/bge-base-en-v1.5/raw/main/README.md	200	2026-08-08T09:43:08.657569+00:00
BAAI/bge-base-en-v1.5	https://huggingface.co/BAAI/bge-base-en-v1.5/raw/main/LICENSE	404	2026-08-08T09:43:08.957901+00:00
BAAI/bge-base-en-v1.5	https://huggingface.co/BAAI/bge-base-en-v1.5/raw/main/LICENSE.txt	404	2026-08-08T09:43:09.298987+00:00
BAAI/bge-base-en-v1.5	https://huggingface.co/BAAI/bge-base-en-v1.5/raw/main/LICENSE.md	404	2026-08-08T09:43:09.677371+00:00
cross-encoder/ms-marco-MiniLM-L4-v2	https://huggingface.co/cross-encoder/ms-marco-MiniLM-L4-v2/raw/main/README.md	200	2026-08-08T09:43:10.008073+00:00
cross-encoder/ms-marco-MiniLM-L4-v2	https://huggingface.co/cross-encoder/ms-marco-MiniLM-L4-v2/raw/main/LICENSE	404	2026-08-08T09:43:10.350783+00:00
cross-encoder/ms-marco-MiniLM-L4-v2	https://huggingface.co/cross-encoder/ms-marco-MiniLM-L4-v2/raw/main/LICENSE.txt	404	2026-08-08T09:43:10.721467+00:00
cross-encoder/ms-marco-MiniLM-L4-v2	https://huggingface.co/cross-encoder/ms-marco-MiniLM-L4-v2/raw/main/LICENSE.md	404	2026-08-08T09:43:11.054564+00:00
intfloat/multilingual-e5-large	https://huggingface.co/intfloat/multilingual-e5-large/raw/main/README.md	200	2026-08-08T09:43:11.583842+00:00
intfloat/multilingual-e5-large	https://huggingface.co/intfloat/multilingual-e5-large/raw/main/LICENSE	404	2026-08-08T09:43:11.919360+00:00
intfloat/multilingual-e5-large	https://huggingface.co/intfloat/multilingual-e5-large/raw/main/LICENSE.txt	404	2026-08-08T09:43:12.296912+00:00
intfloat/multilingual-e5-large	https://huggingface.co/intfloat/multilingual-e5-large/raw/main/LICENSE.md	404	2026-08-08T09:43:12.626598+00:00
nomic-ai/nomic-embed-text-v1	https://huggingface.co/nomic-ai/nomic-embed-text-v1/raw/main/README.md	200	2026-08-08T09:43:13.023669+00:00
nomic-ai/nomic-embed-text-v1	https://huggingface.co/nomic-ai/nomic-embed-text-v1/raw/main/LICENSE	404	2026-08-08T09:43:13.370341+00:00
nomic-ai/nomic-embed-text-v1	https://huggingface.co/nomic-ai/nomic-embed-text-v1/raw/main/LICENSE.txt	404	2026-08-08T09:43:13.680370+00:00
nomic-ai/nomic-embed-text-v1	https://huggingface.co/nomic-ai/nomic-embed-text-v1/raw/main/LICENSE.md	404	2026-08-08T09:43:14.014491+00:00
mixedbread-ai/mxbai-embed-large-v1	https://huggingface.co/mixedbread-ai/mxbai-embed-large-v1/raw/main/README.md	200	2026-08-08T09:43:14.496822+00:00
mixedbread-ai/mxbai-embed-large-v1	https://huggingface.co/mixedbread-ai/mxbai-embed-large-v1/raw/main/LICENSE	200	2026-08-08T09:43:14.778791+00:00
mixedbread-ai/mxbai-embed-large-v1	https://huggingface.co/mixedbread-ai/mxbai-embed-large-v1/raw/main/LICENSE.txt	404	2026-08-08T09:43:15.118440+00:00
mixedbread-ai/mxbai-embed-large-v1	https://huggingface.co/mixedbread-ai/mxbai-embed-large-v1/raw/main/LICENSE.md	404	2026-08-08T09:43:15.456092+00:00
BAAI/bge-reranker-base	https://huggingface.co/BAAI/bge-reranker-base/raw/main/README.md	200	2026-08-08T09:43:15.775324+00:00
BAAI/bge-reranker-base	https://huggingface.co/BAAI/bge-reranker-base/raw/main/LICENSE	404	2026-08-08T09:43:16.112863+00:00
BAAI/bge-reranker-base	https://huggingface.co/BAAI/bge-reranker-base/raw/main/LICENSE.txt	404	2026-08-08T09:43:16.492134+00:00
BAAI/bge-reranker-base	https://huggingface.co/BAAI/bge-reranker-base/raw/main/LICENSE.md	404	2026-08-08T09:43:16.822812+00:00
distilbert/distilbert-base-uncased-finetuned-sst-2-english	https://huggingface.co/distilbert/distilbert-base-uncased-finetuned-sst-2-english/raw/main/README.md	200	2026-08-08T09:43:17.190688+00:00
distilbert/distilbert-base-uncased-finetuned-sst-2-english	https://huggingface.co/distilbert/distilbert-base-uncased-finetuned-sst-2-english/raw/main/LICENSE	404	2026-08-08T09:43:17.551968+00:00
distilbert/distilbert-base-uncased-finetuned-sst-2-english	https://huggingface.co/distilbert/distilbert-base-uncased-finetuned-sst-2-english/raw/main/LICENSE.txt	404	2026-08-08T09:43:17.869771+00:00
distilbert/distilbert-base-uncased-finetuned-sst-2-english	https://huggingface.co/distilbert/distilbert-base-uncased-finetuned-sst-2-english/raw/main/LICENSE.md	404	2026-08-08T09:43:18.210928+00:00
sentence-transformers/all-MiniLM-L12-v2	https://huggingface.co/sentence-transformers/all-MiniLM-L12-v2/raw/main/README.md	200	2026-08-08T09:43:18.588352+00:00
sentence-transformers/all-MiniLM-L12-v2	https://huggingface.co/sentence-transformers/all-MiniLM-L12-v2/raw/main/LICENSE	404	2026-08-08T09:43:18.917413+00:00
sentence-transformers/all-MiniLM-L12-v2	https://huggingface.co/sentence-transformers/all-MiniLM-L12-v2/raw/main/LICENSE.txt	404	2026-08-08T09:43:19.260360+00:00
sentence-transformers/all-MiniLM-L12-v2	https://huggingface.co/sentence-transformers/all-MiniLM-L12-v2/raw/main/LICENSE.md	404	2026-08-08T09:43:19.634392+00:00
sentence-transformers/paraphrase-MiniLM-L6-v2	https://huggingface.co/sentence-transformers/paraphrase-MiniLM-L6-v2/raw/main/README.md	200	2026-08-08T09:43:20.268770+00:00
sentence-transformers/paraphrase-MiniLM-L6-v2	https://huggingface.co/sentence-transformers/paraphrase-MiniLM-L6-v2/raw/main/LICENSE	404	2026-08-08T09:43:20.540682+00:00
sentence-transformers/paraphrase-MiniLM-L6-v2	https://huggingface.co/sentence-transformers/paraphrase-MiniLM-L6-v2/raw/main/LICENSE.txt	404	2026-08-08T09:43:20.881924+00:00
sentence-transformers/paraphrase-MiniLM-L6-v2	https://huggingface.co/sentence-transformers/paraphrase-MiniLM-L6-v2/raw/main/LICENSE.md	404	2026-08-08T09:43:21.221146+00:00
Xenova/all-MiniLM-L6-v2	https://huggingface.co/Xenova/all-MiniLM-L6-v2/raw/main/README.md	200	2026-08-08T09:43:21.539930+00:00
Xenova/all-MiniLM-L6-v2	https://huggingface.co/Xenova/all-MiniLM-L6-v2/raw/main/LICENSE	404	2026-08-08T09:43:21.812548+00:00
Xenova/all-MiniLM-L6-v2	https://huggingface.co/Xenova/all-MiniLM-L6-v2/raw/main/LICENSE.txt	404	2026-08-08T09:43:22.089492+00:00
Xenova/all-MiniLM-L6-v2	https://huggingface.co/Xenova/all-MiniLM-L6-v2/raw/main/LICENSE.md	404	2026-08-08T09:43:22.369929+00:00
sentence-transformers/paraphrase-MiniLM-L3-v2	https://huggingface.co/sentence-transformers/paraphrase-MiniLM-L3-v2/raw/main/README.md	200	2026-08-08T09:43:22.640993+00:00
sentence-transformers/paraphrase-MiniLM-L3-v2	https://huggingface.co/sentence-transformers/paraphrase-MiniLM-L3-v2/raw/main/LICENSE	404	2026-08-08T09:43:22.918011+00:00
sentence-transformers/paraphrase-MiniLM-L3-v2	https://huggingface.co/sentence-transformers/paraphrase-MiniLM-L3-v2/raw/main/LICENSE.txt	404	2026-08-08T09:43:23.260126+00:00
sentence-transformers/paraphrase-MiniLM-L3-v2	https://huggingface.co/sentence-transformers/paraphrase-MiniLM-L3-v2/raw/main/LICENSE.md	404	2026-08-08T09:43:23.525435+00:00
cross-encoder/ms-marco-MiniLM-L12-v2	https://huggingface.co/cross-encoder/ms-marco-MiniLM-L12-v2/raw/main/README.md	200	2026-08-08T09:43:23.839197+00:00
cross-encoder/ms-marco-MiniLM-L12-v2	https://huggingface.co/cross-encoder/ms-marco-MiniLM-L12-v2/raw/main/LICENSE	404	2026-08-08T09:43:24.162300+00:00
cross-encoder/ms-marco-MiniLM-L12-v2	https://huggingface.co/cross-encoder/ms-marco-MiniLM-L12-v2/raw/main/LICENSE.txt	404	2026-08-08T09:43:24.504144+00:00
cross-encoder/ms-marco-MiniLM-L12-v2	https://huggingface.co/cross-encoder/ms-marco-MiniLM-L12-v2/raw/main/LICENSE.md	404	2026-08-08T09:43:24.878010+00:00
BAAI/bge-reranker-large	https://huggingface.co/BAAI/bge-reranker-large/raw/main/README.md	200	2026-08-08T09:43:25.210792+00:00
BAAI/bge-reranker-large	https://huggingface.co/BAAI/bge-reranker-large/raw/main/LICENSE	404	2026-08-08T09:43:25.555670+00:00
BAAI/bge-reranker-large	https://huggingface.co/BAAI/bge-reranker-large/raw/main/LICENSE.txt	404	2026-08-08T09:43:25.938360+00:00
BAAI/bge-reranker-large	https://huggingface.co/BAAI/bge-reranker-large/raw/main/LICENSE.md	404	2026-08-08T09:43:26.257376+00:00
Alibaba-NLP/gte-reranker-modernbert-base	https://huggingface.co/Alibaba-NLP/gte-reranker-modernbert-base/raw/main/README.md	200	2026-08-08T09:43:26.612605+00:00
Alibaba-NLP/gte-reranker-modernbert-base	https://huggingface.co/Alibaba-NLP/gte-reranker-modernbert-base/raw/main/LICENSE	404	2026-08-08T09:43:26.974438+00:00
Alibaba-NLP/gte-reranker-modernbert-base	https://huggingface.co/Alibaba-NLP/gte-reranker-modernbert-base/raw/main/LICENSE.txt	404	2026-08-08T09:43:27.306534+00:00
Alibaba-NLP/gte-reranker-modernbert-base	https://huggingface.co/Alibaba-NLP/gte-reranker-modernbert-base/raw/main/LICENSE.md	404	2026-08-08T09:43:27.648344+00:00
cross-encoder/mmarco-mMiniLMv2-L12-H384-v1	https://huggingface.co/cross-encoder/mmarco-mMiniLMv2-L12-H384-v1/raw/main/README.md	200	2026-08-08T09:43:28.025079+00:00
cross-encoder/mmarco-mMiniLMv2-L12-H384-v1	https://huggingface.co/cross-encoder/mmarco-mMiniLMv2-L12-H384-v1/raw/main/LICENSE	404	2026-08-08T09:43:28.357349+00:00
cross-encoder/mmarco-mMiniLMv2-L12-H384-v1	https://huggingface.co/cross-encoder/mmarco-mMiniLMv2-L12-H384-v1/raw/main/LICENSE.txt	404	2026-08-08T09:43:28.697324+00:00
cross-encoder/mmarco-mMiniLMv2-L12-H384-v1	https://huggingface.co/cross-encoder/mmarco-mMiniLMv2-L12-H384-v1/raw/main/LICENSE.md	404	2026-08-08T09:43:29.073237+00:00
sentence-transformers/all-distilroberta-v1	https://huggingface.co/sentence-transformers/all-distilroberta-v1/raw/main/README.md	200	2026-08-08T09:43:29.404503+00:00
sentence-transformers/all-distilroberta-v1	https://huggingface.co/sentence-transformers/all-distilroberta-v1/raw/main/LICENSE	404	2026-08-08T09:43:29.751540+00:00
sentence-transformers/all-distilroberta-v1	https://huggingface.co/sentence-transformers/all-distilroberta-v1/raw/main/LICENSE.txt	404	2026-08-08T09:43:30.121322+00:00
sentence-transformers/all-distilroberta-v1	https://huggingface.co/sentence-transformers/all-distilroberta-v1/raw/main/LICENSE.md	404	2026-08-08T09:43:30.452558+00:00
Xenova/bge-base-en-v1.5	https://huggingface.co/Xenova/bge-base-en-v1.5/raw/main/README.md	200	2026-08-08T09:43:30.792196+00:00
Xenova/bge-base-en-v1.5	https://huggingface.co/Xenova/bge-base-en-v1.5/raw/main/LICENSE	404	2026-08-08T09:43:31.170036+00:00
Xenova/bge-base-en-v1.5	https://huggingface.co/Xenova/bge-base-en-v1.5/raw/main/LICENSE.txt	404	2026-08-08T09:43:31.500803+00:00
Xenova/bge-base-en-v1.5	https://huggingface.co/Xenova/bge-base-en-v1.5/raw/main/LICENSE.md	404	2026-08-08T09:43:31.842660+00:00
intfloat/multilingual-e5-large-instruct	https://huggingface.co/intfloat/multilingual-e5-large-instruct/raw/main/README.md	200	2026-08-08T09:43:32.354985+00:00
intfloat/multilingual-e5-large-instruct	https://huggingface.co/intfloat/multilingual-e5-large-instruct/raw/main/LICENSE	404	2026-08-08T09:43:32.740699+00:00
intfloat/multilingual-e5-large-instruct	https://huggingface.co/intfloat/multilingual-e5-large-instruct/raw/main/LICENSE.txt	404	2026-08-08T09:43:33.073071+00:00
intfloat/multilingual-e5-large-instruct	https://huggingface.co/intfloat/multilingual-e5-large-instruct/raw/main/LICENSE.md	404	2026-08-08T09:43:33.425743+00:00
michaelfeil/bge-small-en-v1.5	https://huggingface.co/michaelfeil/bge-small-en-v1.5/raw/main/README.md	200	2026-08-08T09:43:33.791392+00:00
michaelfeil/bge-small-en-v1.5	https://huggingface.co/michaelfeil/bge-small-en-v1.5/raw/main/LICENSE	404	2026-08-08T09:43:34.122328+00:00
michaelfeil/bge-small-en-v1.5	https://huggingface.co/michaelfeil/bge-small-en-v1.5/raw/main/LICENSE.txt	404	2026-08-08T09:43:34.467577+00:00
michaelfeil/bge-small-en-v1.5	https://huggingface.co/michaelfeil/bge-small-en-v1.5/raw/main/LICENSE.md	404	2026-08-08T09:43:34.838793+00:00
sentence-transformers/paraphrase-mpnet-base-v2	https://huggingface.co/sentence-transformers/paraphrase-mpnet-base-v2/raw/main/README.md	200	2026-08-08T09:43:35.171346+00:00
sentence-transformers/paraphrase-mpnet-base-v2	https://huggingface.co/sentence-transformers/paraphrase-mpnet-base-v2/raw/main/LICENSE	404	2026-08-08T09:43:35.551691+00:00
sentence-transformers/paraphrase-mpnet-base-v2	https://huggingface.co/sentence-transformers/paraphrase-mpnet-base-v2/raw/main/LICENSE.txt	404	2026-08-08T09:43:35.917865+00:00
sentence-transformers/paraphrase-mpnet-base-v2	https://huggingface.co/sentence-transformers/paraphrase-mpnet-base-v2/raw/main/LICENSE.md	404	2026-08-08T09:43:36.221407+00:00
Alibaba-NLP/gte-large-en-v1.5	https://huggingface.co/Alibaba-NLP/gte-large-en-v1.5/raw/main/README.md	200	2026-08-08T09:43:36.620079+00:00
Alibaba-NLP/gte-large-en-v1.5	https://huggingface.co/Alibaba-NLP/gte-large-en-v1.5/raw/main/LICENSE	404	2026-08-08T09:43:37.008851+00:00
Alibaba-NLP/gte-large-en-v1.5	https://huggingface.co/Alibaba-NLP/gte-large-en-v1.5/raw/main/LICENSE.txt	404	2026-08-08T09:43:37.290538+00:00
Alibaba-NLP/gte-large-en-v1.5	https://huggingface.co/Alibaba-NLP/gte-large-en-v1.5/raw/main/LICENSE.md	404	2026-08-08T09:43:37.610982+00:00
cross-encoder/ms-marco-MiniLM-L2-v2	https://huggingface.co/cross-encoder/ms-marco-MiniLM-L2-v2/raw/main/README.md	200	2026-08-08T09:43:37.986552+00:00
cross-encoder/ms-marco-MiniLM-L2-v2	https://huggingface.co/cross-encoder/ms-marco-MiniLM-L2-v2/raw/main/LICENSE	404	2026-08-08T09:43:38.316011+00:00
cross-encoder/ms-marco-MiniLM-L2-v2	https://huggingface.co/cross-encoder/ms-marco-MiniLM-L2-v2/raw/main/LICENSE.txt	404	2026-08-08T09:43:38.688564+00:00
cross-encoder/ms-marco-MiniLM-L2-v2	https://huggingface.co/cross-encoder/ms-marco-MiniLM-L2-v2/raw/main/LICENSE.md	404	2026-08-08T09:43:39.064823+00:00
sentence-transformers/all-roberta-large-v1	https://huggingface.co/sentence-transformers/all-roberta-large-v1/raw/main/README.md	200	2026-08-08T09:43:39.366028+00:00
sentence-transformers/all-roberta-large-v1	https://huggingface.co/sentence-transformers/all-roberta-large-v1/raw/main/LICENSE	404	2026-08-08T09:43:39.708387+00:00
sentence-transformers/all-roberta-large-v1	https://huggingface.co/sentence-transformers/all-roberta-large-v1/raw/main/LICENSE.txt	404	2026-08-08T09:43:40.041221+00:00
sentence-transformers/all-roberta-large-v1	https://huggingface.co/sentence-transformers/all-roberta-large-v1/raw/main/LICENSE.md	404	2026-08-08T09:43:40.413087+00:00
Qdrant/all-MiniLM-L6-v2-onnx	https://huggingface.co/Qdrant/all-MiniLM-L6-v2-onnx/raw/main/README.md	200	2026-08-08T09:43:40.732369+00:00
Qdrant/all-MiniLM-L6-v2-onnx	https://huggingface.co/Qdrant/all-MiniLM-L6-v2-onnx/raw/main/LICENSE	404	2026-08-08T09:43:41.083210+00:00
Qdrant/all-MiniLM-L6-v2-onnx	https://huggingface.co/Qdrant/all-MiniLM-L6-v2-onnx/raw/main/LICENSE.txt	404	2026-08-08T09:43:41.357823+00:00
Qdrant/all-MiniLM-L6-v2-onnx	https://huggingface.co/Qdrant/all-MiniLM-L6-v2-onnx/raw/main/LICENSE.md	404	2026-08-08T09:43:41.716216+00:00
WhereIsAI/UAE-Large-V1	https://huggingface.co/WhereIsAI/UAE-Large-V1/raw/main/README.md	200	2026-08-08T09:43:42.051771+00:00
WhereIsAI/UAE-Large-V1	https://huggingface.co/WhereIsAI/UAE-Large-V1/raw/main/LICENSE	404	2026-08-08T09:43:42.335985+00:00
WhereIsAI/UAE-Large-V1	https://huggingface.co/WhereIsAI/UAE-Large-V1/raw/main/LICENSE.txt	404	2026-08-08T09:43:42.601593+00:00
WhereIsAI/UAE-Large-V1	https://huggingface.co/WhereIsAI/UAE-Large-V1/raw/main/LICENSE.md	404	2026-08-08T09:43:42.873078+00:00
TaylorAI/bge-micro-v2	https://huggingface.co/TaylorAI/bge-micro-v2/raw/main/README.md	200	2026-08-08T09:43:43.194392+00:00
TaylorAI/bge-micro-v2	https://huggingface.co/TaylorAI/bge-micro-v2/raw/main/LICENSE	200	2026-08-08T09:43:43.470376+00:00
TaylorAI/bge-micro-v2	https://huggingface.co/TaylorAI/bge-micro-v2/raw/main/LICENSE.txt	404	2026-08-08T09:43:43.739459+00:00
TaylorAI/bge-micro-v2	https://huggingface.co/TaylorAI/bge-micro-v2/raw/main/LICENSE.md	404	2026-08-08T09:43:44.013505+00:00
jinaai/jina-embeddings-v2-small-en	https://huggingface.co/jinaai/jina-embeddings-v2-small-en/raw/main/README.md	200	2026-08-08T09:43:44.458686+00:00
jinaai/jina-embeddings-v2-small-en	https://huggingface.co/jinaai/jina-embeddings-v2-small-en/raw/main/LICENSE	404	2026-08-08T09:43:44.726653+00:00
jinaai/jina-embeddings-v2-small-en	https://huggingface.co/jinaai/jina-embeddings-v2-small-en/raw/main/LICENSE.txt	404	2026-08-08T09:43:44.941436+00:00
jinaai/jina-embeddings-v2-small-en	https://huggingface.co/jinaai/jina-embeddings-v2-small-en/raw/main/LICENSE.md	404	2026-08-08T09:43:45.165867+00:00
sentence-transformers/distiluse-base-multilingual-cased-v1	https://huggingface.co/sentence-transformers/distiluse-base-multilingual-cased-v1/raw/main/README.md	200	2026-08-08T09:43:45.374964+00:00
sentence-transformers/distiluse-base-multilingual-cased-v1	https://huggingface.co/sentence-transformers/distiluse-base-multilingual-cased-v1/raw/main/LICENSE	404	2026-08-08T09:43:45.594039+00:00
sentence-transformers/distiluse-base-multilingual-cased-v1	https://huggingface.co/sentence-transformers/distiluse-base-multilingual-cased-v1/raw/main/LICENSE.txt	404	2026-08-08T09:43:45.809926+00:00
sentence-transformers/distiluse-base-multilingual-cased-v1	https://huggingface.co/sentence-transformers/distiluse-base-multilingual-cased-v1/raw/main/LICENSE.md	404	2026-08-08T09:43:46.030964+00:00
sentence-transformers/distiluse-base-multilingual-cased-v2	https://huggingface.co/sentence-transformers/distiluse-base-multilingual-cased-v2/raw/main/README.md	200	2026-08-08T09:43:46.284011+00:00
sentence-transformers/distiluse-base-multilingual-cased-v2	https://huggingface.co/sentence-transformers/distiluse-base-multilingual-cased-v2/raw/main/LICENSE	404	2026-08-08T09:43:46.573344+00:00
sentence-transformers/distiluse-base-multilingual-cased-v2	https://huggingface.co/sentence-transformers/distiluse-base-multilingual-cased-v2/raw/main/LICENSE.txt	404	2026-08-08T09:43:46.789032+00:00
sentence-transformers/distiluse-base-multilingual-cased-v2	https://huggingface.co/sentence-transformers/distiluse-base-multilingual-cased-v2/raw/main/LICENSE.md	404	2026-08-08T09:43:46.998924+00:00
lxyuan/distilbert-base-multilingual-cased-sentiments-student	https://huggingface.co/lxyuan/distilbert-base-multilingual-cased-sentiments-student/raw/main/README.md	200	2026-08-08T09:43:47.283118+00:00
lxyuan/distilbert-base-multilingual-cased-sentiments-student	https://huggingface.co/lxyuan/distilbert-base-multilingual-cased-sentiments-student/raw/main/LICENSE	404	2026-08-08T09:43:47.506067+00:00
lxyuan/distilbert-base-multilingual-cased-sentiments-student	https://huggingface.co/lxyuan/distilbert-base-multilingual-cased-sentiments-student/raw/main/LICENSE.txt	404	2026-08-08T09:43:47.813287+00:00
lxyuan/distilbert-base-multilingual-cased-sentiments-student	https://huggingface.co/lxyuan/distilbert-base-multilingual-cased-sentiments-student/raw/main/LICENSE.md	404	2026-08-08T09:43:48.028633+00:00
openbmb/MiniCPM-o-4_5	https://huggingface.co/openbmb/MiniCPM-o-4_5/raw/main/README.md	200	2026-08-08T09:43:48.382076+00:00
openbmb/MiniCPM-o-4_5	https://huggingface.co/openbmb/MiniCPM-o-4_5/raw/main/LICENSE	404	2026-08-08T09:43:48.673077+00:00
openbmb/MiniCPM-o-4_5	https://huggingface.co/openbmb/MiniCPM-o-4_5/raw/main/LICENSE.txt	404	2026-08-08T09:43:48.889442+00:00
openbmb/MiniCPM-o-4_5	https://huggingface.co/openbmb/MiniCPM-o-4_5/raw/main/LICENSE.md	404	2026-08-08T09:43:49.194315+00:00
MoritzLaurer/mDeBERTa-v3-base-xnli-multilingual-nli-2mil7	https://huggingface.co/MoritzLaurer/mDeBERTa-v3-base-xnli-multilingual-nli-2mil7/raw/main/README.md	200	2026-08-08T09:43:49.424475+00:00
MoritzLaurer/mDeBERTa-v3-base-xnli-multilingual-nli-2mil7	https://huggingface.co/MoritzLaurer/mDeBERTa-v3-base-xnli-multilingual-nli-2mil7/raw/main/LICENSE	200	2026-08-08T09:43:49.721482+00:00
MoritzLaurer/mDeBERTa-v3-base-xnli-multilingual-nli-2mil7	https://huggingface.co/MoritzLaurer/mDeBERTa-v3-base-xnli-multilingual-nli-2mil7/raw/main/LICENSE.txt	404	2026-08-08T09:43:50.013038+00:00
MoritzLaurer/mDeBERTa-v3-base-xnli-multilingual-nli-2mil7	https://huggingface.co/MoritzLaurer/mDeBERTa-v3-base-xnli-multilingual-nli-2mil7/raw/main/LICENSE.md	404	2026-08-08T09:43:50.242916+00:00
cross-encoder/nli-deberta-v3-small	https://huggingface.co/cross-encoder/nli-deberta-v3-small/raw/main/README.md	200	2026-08-08T09:43:50.459149+00:00
cross-encoder/nli-deberta-v3-small	https://huggingface.co/cross-encoder/nli-deberta-v3-small/raw/main/LICENSE	404	2026-08-08T09:43:50.681590+00:00
cross-encoder/nli-deberta-v3-small	https://huggingface.co/cross-encoder/nli-deberta-v3-small/raw/main/LICENSE.txt	404	2026-08-08T09:43:50.972311+00:00
cross-encoder/nli-deberta-v3-small	https://huggingface.co/cross-encoder/nli-deberta-v3-small/raw/main/LICENSE.md	404	2026-08-08T09:43:51.192797+00:00
MoritzLaurer/mDeBERTa-v3-base-mnli-xnli	https://huggingface.co/MoritzLaurer/mDeBERTa-v3-base-mnli-xnli/raw/main/README.md	200	2026-08-08T09:43:51.487042+00:00
MoritzLaurer/mDeBERTa-v3-base-mnli-xnli	https://huggingface.co/MoritzLaurer/mDeBERTa-v3-base-mnli-xnli/raw/main/LICENSE	404	2026-08-08T09:43:51.704494+00:00
MoritzLaurer/mDeBERTa-v3-base-mnli-xnli	https://huggingface.co/MoritzLaurer/mDeBERTa-v3-base-mnli-xnli/raw/main/LICENSE.txt	404	2026-08-08T09:43:52.096458+00:00
MoritzLaurer/mDeBERTa-v3-base-mnli-xnli	https://huggingface.co/MoritzLaurer/mDeBERTa-v3-base-mnli-xnli/raw/main/LICENSE.md	404	2026-08-08T09:43:52.366495+00:00
cross-encoder/nli-deberta-v3-base	https://huggingface.co/cross-encoder/nli-deberta-v3-base/raw/main/README.md	200	2026-08-08T09:43:52.667285+00:00
cross-encoder/nli-deberta-v3-base	https://huggingface.co/cross-encoder/nli-deberta-v3-base/raw/main/LICENSE	404	2026-08-08T09:43:52.886972+00:00
cross-encoder/nli-deberta-v3-base	https://huggingface.co/cross-encoder/nli-deberta-v3-base/raw/main/LICENSE.txt	404	2026-08-08T09:43:53.100830+00:00
cross-encoder/nli-deberta-v3-base	https://huggingface.co/cross-encoder/nli-deberta-v3-base/raw/main/LICENSE.md	404	2026-08-08T09:43:53.391022+00:00
cross-encoder/nli-MiniLM2-L6-H768	https://huggingface.co/cross-encoder/nli-MiniLM2-L6-H768/raw/main/README.md	200	2026-08-08T09:43:53.606544+00:00
cross-encoder/nli-MiniLM2-L6-H768	https://huggingface.co/cross-encoder/nli-MiniLM2-L6-H768/raw/main/LICENSE	404	2026-08-08T09:43:53.913573+00:00
cross-encoder/nli-MiniLM2-L6-H768	https://huggingface.co/cross-encoder/nli-MiniLM2-L6-H768/raw/main/LICENSE.txt	404	2026-08-08T09:43:54.127310+00:00
cross-encoder/nli-MiniLM2-L6-H768	https://huggingface.co/cross-encoder/nli-MiniLM2-L6-H768/raw/main/LICENSE.md	404	2026-08-08T09:43:54.341379+00:00
MoritzLaurer/DeBERTa-v3-large-mnli-fever-anli-ling-wanli	https://huggingface.co/MoritzLaurer/DeBERTa-v3-large-mnli-fever-anli-ling-wanli/raw/main/README.md	200	2026-08-08T09:43:54.631652+00:00
MoritzLaurer/DeBERTa-v3-large-mnli-fever-anli-ling-wanli	https://huggingface.co/MoritzLaurer/DeBERTa-v3-large-mnli-fever-anli-ling-wanli/raw/main/LICENSE	404	2026-08-08T09:43:54.848697+00:00
MoritzLaurer/DeBERTa-v3-large-mnli-fever-anli-ling-wanli	https://huggingface.co/MoritzLaurer/DeBERTa-v3-large-mnli-fever-anli-ling-wanli/raw/main/LICENSE.txt	404	2026-08-08T09:43:55.153858+00:00
MoritzLaurer/DeBERTa-v3-large-mnli-fever-anli-ling-wanli	https://huggingface.co/MoritzLaurer/DeBERTa-v3-large-mnli-fever-anli-ling-wanli/raw/main/LICENSE.md	404	2026-08-08T09:43:55.380958+00:00
cross-encoder/nli-deberta-v3-xsmall	https://huggingface.co/cross-encoder/nli-deberta-v3-xsmall/raw/main/README.md	200	2026-08-08T09:43:55.680536+00:00
cross-encoder/nli-deberta-v3-xsmall	https://huggingface.co/cross-encoder/nli-deberta-v3-xsmall/raw/main/LICENSE	404	2026-08-08T09:43:55.897744+00:00
cross-encoder/nli-deberta-v3-xsmall	https://huggingface.co/cross-encoder/nli-deberta-v3-xsmall/raw/main/LICENSE.txt	404	2026-08-08T09:43:56.204315+00:00
cross-encoder/nli-deberta-v3-xsmall	https://huggingface.co/cross-encoder/nli-deberta-v3-xsmall/raw/main/LICENSE.md	404	2026-08-08T09:43:56.433045+00:00
MoritzLaurer/deberta-v3-large-zeroshot-v2.0	https://huggingface.co/MoritzLaurer/deberta-v3-large-zeroshot-v2.0/raw/main/README.md	200	2026-08-08T09:43:56.732039+00:00
MoritzLaurer/deberta-v3-large-zeroshot-v2.0	https://huggingface.co/MoritzLaurer/deberta-v3-large-zeroshot-v2.0/raw/main/LICENSE	404	2026-08-08T09:43:57.141558+00:00
MoritzLaurer/deberta-v3-large-zeroshot-v2.0	https://huggingface.co/MoritzLaurer/deberta-v3-large-zeroshot-v2.0/raw/main/LICENSE.txt	404	2026-08-08T09:43:57.429073+00:00
MoritzLaurer/deberta-v3-large-zeroshot-v2.0	https://huggingface.co/MoritzLaurer/deberta-v3-large-zeroshot-v2.0/raw/main/LICENSE.md	404	2026-08-08T09:43:57.776340+00:00
MoritzLaurer/bge-m3-zeroshot-v2.0	https://huggingface.co/MoritzLaurer/bge-m3-zeroshot-v2.0/raw/main/README.md	200	2026-08-08T09:43:58.010356+00:00
MoritzLaurer/bge-m3-zeroshot-v2.0	https://huggingface.co/MoritzLaurer/bge-m3-zeroshot-v2.0/raw/main/LICENSE	404	2026-08-08T09:43:58.416863+00:00
MoritzLaurer/bge-m3-zeroshot-v2.0	https://huggingface.co/MoritzLaurer/bge-m3-zeroshot-v2.0/raw/main/LICENSE.txt	404	2026-08-08T09:43:58.660767+00:00
MoritzLaurer/bge-m3-zeroshot-v2.0	https://huggingface.co/MoritzLaurer/bge-m3-zeroshot-v2.0/raw/main/LICENSE.md	404	2026-08-08T09:43:58.971810+00:00
MoritzLaurer/deberta-v3-base-zeroshot-v2.0	https://huggingface.co/MoritzLaurer/deberta-v3-base-zeroshot-v2.0/raw/main/README.md	200	2026-08-08T09:43:59.201710+00:00
MoritzLaurer/deberta-v3-base-zeroshot-v2.0	https://huggingface.co/MoritzLaurer/deberta-v3-base-zeroshot-v2.0/raw/main/LICENSE	404	2026-08-08T09:43:59.487236+00:00
MoritzLaurer/deberta-v3-base-zeroshot-v2.0	https://huggingface.co/MoritzLaurer/deberta-v3-base-zeroshot-v2.0/raw/main/LICENSE.txt	404	2026-08-08T09:43:59.704197+00:00
MoritzLaurer/deberta-v3-base-zeroshot-v2.0	https://huggingface.co/MoritzLaurer/deberta-v3-base-zeroshot-v2.0/raw/main/LICENSE.md	404	2026-08-08T09:43:59.918570+00:00
cross-encoder/nli-deberta-v3-large	https://huggingface.co/cross-encoder/nli-deberta-v3-large/raw/main/README.md	200	2026-08-08T09:44:00.205650+00:00
cross-encoder/nli-deberta-v3-large	https://huggingface.co/cross-encoder/nli-deberta-v3-large/raw/main/LICENSE	404	2026-08-08T09:44:00.424956+00:00
cross-encoder/nli-deberta-v3-large	https://huggingface.co/cross-encoder/nli-deberta-v3-large/raw/main/LICENSE.txt	404	2026-08-08T09:44:00.731334+00:00
cross-encoder/nli-deberta-v3-large	https://huggingface.co/cross-encoder/nli-deberta-v3-large/raw/main/LICENSE.md	404	2026-08-08T09:44:00.963135+00:00
MoritzLaurer/deberta-v3-xsmall-zeroshot-v1.1-all-33	https://huggingface.co/MoritzLaurer/deberta-v3-xsmall-zeroshot-v1.1-all-33/raw/main/README.md	200	2026-08-08T09:44:01.257054+00:00
MoritzLaurer/deberta-v3-xsmall-zeroshot-v1.1-all-33	https://huggingface.co/MoritzLaurer/deberta-v3-xsmall-zeroshot-v1.1-all-33/raw/main/LICENSE	404	2026-08-08T09:44:01.540558+00:00
MoritzLaurer/deberta-v3-xsmall-zeroshot-v1.1-all-33	https://huggingface.co/MoritzLaurer/deberta-v3-xsmall-zeroshot-v1.1-all-33/raw/main/LICENSE.txt	404	2026-08-08T09:44:01.781611+00:00
MoritzLaurer/deberta-v3-xsmall-zeroshot-v1.1-all-33	https://huggingface.co/MoritzLaurer/deberta-v3-xsmall-zeroshot-v1.1-all-33/raw/main/LICENSE.md	404	2026-08-08T09:44:02.097929+00:00
Xenova/bart-large-mnli	https://huggingface.co/Xenova/bart-large-mnli/raw/main/README.md	200	2026-08-08T09:44:02.329613+00:00
Xenova/bart-large-mnli	https://huggingface.co/Xenova/bart-large-mnli/raw/main/LICENSE	404	2026-08-08T09:44:02.540857+00:00
Xenova/bart-large-mnli	https://huggingface.co/Xenova/bart-large-mnli/raw/main/LICENSE.txt	404	2026-08-08T09:44:02.825987+00:00
Xenova/bart-large-mnli	https://huggingface.co/Xenova/bart-large-mnli/raw/main/LICENSE.md	404	2026-08-08T09:44:03.046924+00:00
knowledgator/gliclass-large-v1.0	https://huggingface.co/knowledgator/gliclass-large-v1.0/raw/main/README.md	200	2026-08-08T09:44:03.352328+00:00
knowledgator/gliclass-large-v1.0	https://huggingface.co/knowledgator/gliclass-large-v1.0/raw/main/LICENSE	404	2026-08-08T09:44:03.638421+00:00
knowledgator/gliclass-large-v1.0	https://huggingface.co/knowledgator/gliclass-large-v1.0/raw/main/LICENSE.txt	404	2026-08-08T09:44:03.876135+00:00
knowledgator/gliclass-large-v1.0	https://huggingface.co/knowledgator/gliclass-large-v1.0/raw/main/LICENSE.md	404	2026-08-08T09:44:04.099426+00:00
